input_hex,x,rtl_output_hex,rtl_class,rtl_value,golden_fp32_hex,golden_class,relative_error_decimal,meets_relative_1e_5,matches_rounded_golden
0x00000000,0.0,0x3f800000,normal,1.0,0x3f800000,normal,0,True,True
0x3d314b3f,0.04328465089201927,0x3f85a96e,normal,1.0442330837249756,0x3f85a97f,normal,0.0000019260756181711352569018050883731857655365700127061146759720504005874119132779928,True,False
0x3f800000,1.0,0x402df854,normal,2.7182817459106445,0x402df854,normal,3.0367859520624388418020757725713270557348133418184709613992388784542959661569716E-8,True,True
0x42800000,64.0,0x6da12cbc,normal,6.235145890274797e+27,0x6da12cc1,normal,5.1170176977747480237745870870128223448589224636610981233772205284931809869806580E-7,True,False
0x42820000,65.0,0x6e5b0f21,normal,1.694887671906568e+28,0x6e5b0f2e,normal,9.2779145940982305019924867341249923743489052902838461816207625380907273403169649E-7,True,False
0x428807ae,68.01499938964844,0x708b9346,normal,3.455716722104329e+29,0x708b9357,normal,0.0000018122208392089346172116239158928925813042250091249037262774293489792965657380086,True,False
0x428807af,68.01500701904297,0x708b938c,normal,3.455743167356633e+29,0x708b939c,normal,0.0000017890347050487527210948520707846530669173908190686291838779661823719142143800562,True,False
0x428807b0,68.0150146484375,0x708b93d2,normal,3.4557696126089374e+29,0x708b93e2,normal,0.0000017659071317908934454524182044022818544123377004209911500525406990704707858791905,True,False
0x428807b1,68.01502227783203,0x708b9418,normal,3.4557960578612415e+29,0x708b9428,normal,0.0000017428381185431413434566904776367753354639497753655896650998511336627598640301895,True,False
0x428807b2,68.01502990722656,0x708b945e,normal,3.4558225031135456e+29,0x708b946e,normal,0.0000017198276644132911736882658236037079537244783304213543417624906043050729236012983,True,False
0x428807b3,68.0150375366211,0x708b94a4,normal,3.4558489483658496e+29,0x708b94b4,normal,0.0000016968757685091479000321817481843372333477399180276215015332134154960037487378848,True,False
0x428807b4,68.01504516601562,0x708b94ea,normal,3.455875393618154e+29,0x708b94f9,normal,0.0000016739824299385266915741291202145007021339569989698470280856281151292376844156325,True,False
0x428807b5,68.01505279541016,0x708b9530,normal,3.455901838870458e+29,0x708b953f,normal,0.0000016511476478092529224966659513122451622273971272350866453750746779284390102876298,True,False
0x428807b6,68.01506042480469,0x708b9574,normal,3.4559275285441246e+29,0x708b9585,normal,0.0000018470036799967298537105854310762583515563022939883910198910752461505217074385269,True,False
0x428807b7,68.01506805419922,0x708b95ca,normal,3.455960018425527e+29,0x708b95cb,normal,7.5239614110901084672684445285575621089710775483642329111087863459386698643429816E-8,True,False
0x428807b8,68.01507568359375,0x708b9610,normal,3.455986463677831e+29,0x708b9610,normal,5.2592172041416733948576857775832549475018230189107772136393200457111019553807990E-8,True,True
0x428807b9,68.01508331298828,0x708b9656,normal,3.456012908930135e+29,0x708b9656,normal,3.0003282755602220827032145800763318997434805297291293157264998867273417388622246E-8,True,True
0x428807ba,68.01509094238281,0x708b969c,normal,3.456039354182439e+29,0x708b969c,normal,7.4729453613346230508115935056613721739732368414654781381986113291274525377662754E-9,True,True
0x428807bb,68.01509857177734,0x708b96e2,normal,3.456065799434743e+29,0x708b96e2,normal,1.4998841033498777168338076972053829085971624610043846301824863307381835652107694E-8,True,True
0x428807bc,68.01510620117188,0x708b9727,normal,3.4560918668977284e+29,0x708b9728,normal,7.1899048082038063074610772028517185677295211936936367023595458793015447417998463E-8,True,False
0x428807bd,68.0151138305664,0x708b976c,normal,3.456117934360714e+29,0x708b976d,normal,1.5885381846377229757960001466413716282148609560286266329981865500323997650529525E-7,True,False
0x428807be,68.01512145996094,0x708b97b3,normal,3.4561447574023366e+29,0x708b97b3,normal,2.7246554317991366485094424331593059071568093311331112697658178140244571108860886E-8,True,True
0x42a00000,80.0,0x792abbcc,normal,5.540621494324728e+34,0x792abbce,normal,1.6064418766879168681363765685676098011669620427669524716755350947649290516906837E-7,True,False
0x42ae0000,87.0,0x7e36d806,normal,6.076028826218896e+37,0x7e36d809,normal,2.3022235316444169572066911170616939851198867805329001145351153054109883238389440E-7,True,False
0x42aeac48,87.33648681640625,0x7e7ffc18,normal,8.50655211278337e+37,0x7e7ffc34,normal,0.0000016722729455827274338738013523435538358780247290770192173158701374496789843924047,True,False
0x42aeac49,87.33649444580078,0x7e7ffc98,normal,8.506617016494102e+37,0x7e7ffcb4,normal,0.0000016718472789890708373595730077257127141249143337607393909180630704263557452056031,True,False
0x42aeac4a,87.33650207519531,0x7e7ffd18,normal,8.506681920204834e+37,0x7e7ffd34,normal,0.0000016714798260100341074352499887100859370766185836421391443153523418440180633740682,True,False
0x42aeac4b,87.33650970458984,0x7e7ffd98,normal,8.506746823915565e+37,0x7e7ffdb4,normal,0.0000016711705857573761433880575428388481563654969957343168171317824759179300044693759,True,False
0x42aeac4c,87.33651733398438,0x7e7ffe18,normal,8.506811727626297e+37,0x7e7ffe34,normal,0.0000016709195573428660094846226139907958362090746980760022994251950064536354255464716,True,False
0x42aeac4d,87.3365249633789,0x7e7ffe98,normal,8.506876631337029e+37,0x7e7ffeb4,normal,0.0000016707267398782829348675711998875360850487454384897956337327065321064150688830560,True,False
0x42aeac4e,87.33653259277344,0x7e7fff18,normal,8.50694153504776e+37,0x7e7fff34,normal,0.0000016705921324754163134521266957176069259662290016991298117287686007496549820796797,True,False
0x42aeac4f,87.33654022216797,0x7e7fff97,normal,8.507005931698252e+37,0x7e7fffb4,normal,0.0000017301206489348551542319510634239352840640124400311057680100880510608282692930375,True,False
0x42aeac50,87.3365478515625,0x7e80001a,normal,8.507085540155946e+37,0x7e80001a,normal,1.5726659508484075597912019399271729650032541784657262801443240415172160616751530E-9,True,True
0x42aeac51,87.33655548095703,0x7e80005a,normal,8.507150443866678e+37,0x7e80005a,normal,1.6254162417371318949171336501332873661342378765427572554190861040031729918578815E-9,True,True
0x42aeac52,87.33656311035156,0x7e80009a,normal,8.50721534757741e+37,0x7e80009a,normal,1.7363729444580584896349229772163403298493720184188743858153050555152227809642665E-9,True,True
0x42aeac53,87.3365707397461,0x7e8000da,normal,8.507280251288141e+37,0x7e8000da,normal,1.9055351708521447142133941696132143385034895375771287706932892489299577613947431E-9,True,True
0x42aeac54,87.33657836914062,0x7e80011a,normal,8.507345154998873e+37,0x7e80011a,normal,2.1329020327705120854750875052614773621204436574006561169154564141019659109332314E-9,True,True
0x42aeac55,87.33658599853516,0x7e80015a,normal,8.507410058709605e+37,0x7e80015a,normal,2.4184726420744461634015486283307778864581601845110377320908183839035813514412545E-9,True,True
0x42aeac56,87.33659362792969,0x7e80019a,normal,8.507474962420336e+37,0x7e80019a,normal,2.7622461106353964477396039313337742555145433074640502212212844692436773671795436E-9,True,True
0x42aeac57,87.33660125732422,0x7e8001da,normal,8.507539866131068e+37,0x7e8001da,normal,3.1642215503349762746086219735891156136191101167701770770003530412290318355729284E-9,True,True
0x42aeac58,87.33660888671875,0x7e80021a,normal,8.5076047698418e+37,0x7e80021a,normal,3.6243980730649627131087609270090720852270660249568043101585351095643552055621437E-9,True,True
0x42aeac59,87.33661651611328,0x7e80025a,normal,8.507669673552532e+37,0x7e80025a,normal,4.1427747907272964619302020401844921828037505012586484126792460343559606366515890E-9,True,True
0x42b00000,88.0,0x7ef882af,normal,1.6516354548397465e+38,0x7ef882b7,normal,4.8446154709946307979024703696876676483650900138171940167513829589981679757033584E-7,True,False
0x42b00f2c,88.02963256835938,0x7efffc00,normal,1.7013079886675216e+38,0x7efffc1c,normal,0.0000016742638900665860396867807096399355899688866248940160535563533365299091128005969,True,False
0x42b00f2d,88.0296401977539,0x7efffc80,normal,1.701320969409668e+38,0x7efffc9c,normal,0.0000016738273083221327140275437292883412551889010928215239995223407352282223642467919,True,False
0x42b00f2e,88.02964782714844,0x7efffd00,normal,1.7013339501518143e+38,0x7efffd1c,normal,0.0000016734489403587347158698393292849022116746759864469435692142945273567772174033371,True,False
0x42b00f2f,88.02965545654297,0x7efffd80,normal,1.7013469308939606e+38,0x7efffd9c,normal,0.0000016731287852881490402475390971766432695531963214677073600127935561110231778383243,True,False
0x42b00f30,88.0296630859375,0x7efffe00,normal,1.701359911636107e+38,0x7efffe1c,normal,0.0000016728668422221428471932850612895582376497385137111858622973479258029615789347322,True,False
0x42b00f31,88.02967071533203,0x7efffe7f,normal,1.7013727909662053e+38,0x7efffe9c,normal,0.0000017322690196203899970183188327703193569920397607617994628277166546690040340246165,True,False
0x42b00f32,88.02967834472656,0x7effff00,normal,1.7013858731203996e+38,0x7effff1c,normal,0.0000016725175885509883732929199183274618892464790192576246689959639057559805782301058,True,False
0x42b00f33,88.0296859741211,0x7effff80,normal,1.701398853862546e+38,0x7effff9c,normal,0.0000016724302761694252365753245576335308770228167548285780696419568594224571332822545,True,False
0x42b00f34,88.02969360351562,0x7f00000e,normal,1.701414674142037e+38,0x7f00000e,normal,3.4739096492525825662822441441335798654730237376863460889224085719371086000938085E-9,True,True
0x42b00f35,88.02970123291016,0x7f00004e,normal,1.701427654884183e+38,0x7f00004e,normal,3.5157461389651789107179564742802958428563697863282786786241950628021047834046201E-9,True,True
0x42b00f36,88.02970886230469,0x7f00008e,normal,1.7014406356263295e+38,0x7f00008e,normal,3.6157892069300661619318510561115780704201796788915664605716000220675923947367348E-9,True,True
0x42b00f37,88.02971649169922,0x7f0000ce,normal,1.701453616368476e+38,0x7f0000ce,normal,3.7740379649862975928426789142143863032582187707887732379685322914319784911470488E-9,True,True
0x42b00f38,88.02972412109375,0x7f00010e,normal,1.701466597110622e+38,0x7f00010e,normal,3.9904915249830906422901659050100194284690597459657865264659130410023059267610896E-9,True,True
0x42b00f39,88.02973175048828,0x7f00014e,normal,1.7014795778527685e+38,0x7f00014e,normal,4.2651489987798268116401173659033607735342455958378441308909379042544938651521335E-9,True,True
0x42b00f3a,88.02973937988281,0x7f00018e,normal,1.701492558594915e+38,0x7f00018e,normal,4.5980094982460515613905088115024416049809783682851403810143451149379186916353889E-9,True,True
0x42b00f3b,88.02974700927734,0x7f0001ce,normal,1.701505539337061e+38,0x7f0001ce,normal,4.9890721352614742077785626678808250534082527537590099802553028939436292462414292E-9,True,True
0x42b00f3c,88.02975463867188,0x7f00020e,normal,1.7015185200792075e+38,0x7f00020e,normal,5.4383360217159678193888110358553930540584043616755291597445188874631479016580133E-9,True,True
0x42b17210,88.7227783203125,0x7f7ffbe8,normal,3.4026111095567384e+38,0x7f7ffc04,normal,0.0000016762568811559521755418639513471458056021093246756421305627038716939648999522845,True,False
0x42b17211,88.72278594970703,0x7f7ffc68,normal,3.402637071041031e+38,0x7f7ffc84,normal,0.0000016758093842295160494664786941569602934422857504517882234386314348503788599110660,True,False
0x42b17212,88.72279357910156,0x7f7ffce8,normal,3.4026630325253237e+38,0x7f7ffd04,normal,0.0000016754201012505710685369106882608198667592022564444854996045942459386070389412454,True,False
0x42b17213,88.7228012084961,0x7f7ffd68,normal,3.4026889940096164e+38,0x7f7ffd84,normal,0.0000016750890313308723235300498280163389864339674403302207976888028784861446667552043,True,False
0x42b17214,88.72280883789062,0x7f7ffde8,normal,3.402714955493909e+38,0x7f7ffe04,normal,0.0000016748161735821850702409252275972152031159929842857831058278340661938601298655816,True,False
0x42b17215,88.72281646728516,0x7f7ffe68,normal,3.4027409169782017e+38,0x7f7ffe84,normal,0.0000016746015271162847293793022090967601018738720285660664285326083890421894437847304,True,False
0x42b17216,88.72282409667969,0x7f7ffee8,normal,3.4027668784624944e+38,0x7f7fff04,normal,0.0000016744450910449568864662802767527434979293460526896841018210037123873539562629589,True,False
0x42b17217,88.72283172607422,0x7f7fff67,normal,3.402792637122691e+38,0x7f7fff84,normal,0.0000017339519494730053365236346137085312833803143783463266968294167939098908797520525,True,False
0x42b17218,88.72283935546875,0x7f800002,nan,nan,0x7f800000,infinity,,False,False
0x42b17219,88.72284698486328,0x7f800042,nan,nan,0x7f800000,infinity,,False,False
0x42b1721a,88.72285461425781,0x7f800082,nan,nan,0x7f800000,infinity,,False,False
0x42b1721b,88.72286224365234,0x7f8000c2,nan,nan,0x7f800000,infinity,,False,False
0x42b1721c,88.72286987304688,0x7f800102,nan,nan,0x7f800000,infinity,,False,False
0x42b1721d,88.7228775024414,0x7f800142,nan,nan,0x7f800000,infinity,,False,False
0x42b1721e,88.72288513183594,0x7f800182,nan,nan,0x7f800000,infinity,,False,False
0x42b1721f,88.72289276123047,0x7f8001c2,nan,nan,0x7f800000,infinity,,False,False
0x42b17220,88.722900390625,0x7f800202,nan,nan,0x7f800000,infinity,,False,False
0x42b20000,89.0,0x7fa8e15c,nan,nan,0x7f800000,infinity,,False,False
0x42b40000,90.0,0x00658830,subnormal,9.324239981617333e-39,0x7f800000,infinity,0.99999999999999999999999999999999999999999999999999999999999999999999999999999238,False,False
0x42c80000,100.0,0x079a4a50,normal,2.321502160538167e-34,0x7f800000,infinity,0.99999999999999999999999999999999999999999999999999999999999999999999999999999137,False,False
0x42ce8ec8,103.27886962890625,0x09fffbf0,normal,6.1625937863751375e-33,0x7f800000,infinity,0.99999999999999999999999999999999999999999999999999999999999999999999999999999137,False,False
0x42ce8ec9,103.27887725830078,0x09fffc70,normal,6.1626408061491704e-33,0x7f800000,infinity,0.99999999999999999999999999999999999999999999999999999999999999999999999999999137,False,False
0x42ce8eca,103.27888488769531,0x09fffcf0,normal,6.162687825923203e-33,0x7f800000,infinity,0.99999999999999999999999999999999999999999999999999999999999999999999999999999137,False,False
0x42ce8ecb,103.27889251708984,0x09fffd70,normal,6.162734845697236e-33,0x7f800000,infinity,0.99999999999999999999999999999999999999999999999999999999999999999999999999999137,False,False
0x42ce8ecc,103.27890014648438,0x09fffdf0,normal,6.162781865471269e-33,0x7f800000,infinity,0.99999999999999999999999999999999999999999999999999999999999999999999999999999137,False,False
0x42ce8ecd,103.2789077758789,0x09fffe70,normal,6.162828885245302e-33,0x7f800000,infinity,0.99999999999999999999999999999999999999999999999999999999999999999999999999999137,False,False
0x42ce8ece,103.27891540527344,0x09fffef0,normal,6.162875905019335e-33,0x7f800000,infinity,0.99999999999999999999999999999999999999999999999999999999999999999999999999999137,False,False
0x42ce8ecf,103.27892303466797,0x09ffff71,normal,6.1629232921353524e-33,0x7f800000,infinity,0.99999999999999999999999999999999999999999999999999999999999999999999999999999137,False,False
0x42ce8ed0,103.2789306640625,0x0a000006,normal,6.16298023014297e-33,0x7f800000,infinity,0.99999999999999999999999999999999999999999999999999999999999999999999999999999137,False,False
0x42ce8ed1,103.27893829345703,0x0a000046,normal,6.163027249917003e-33,0x7f800000,infinity,0.99999999999999999999999999999999999999999999999999999999999999999999999999999137,False,False
0x42ce8ed2,103.27894592285156,0x0a000086,normal,6.163074269691036e-33,0x7f800000,infinity,0.99999999999999999999999999999999999999999999999999999999999999999999999999999137,False,False
0x42ce8ed3,103.2789535522461,0x0a0000c6,normal,6.163121289465069e-33,0x7f800000,infinity,0.99999999999999999999999999999999999999999999999999999999999999999999999999999137,False,False
0x42ce8ed4,103.27896118164062,0x0a000106,normal,6.163168309239102e-33,0x7f800000,infinity,0.99999999999999999999999999999999999999999999999999999999999999999999999999999137,False,False
0x42ce8ed5,103.27896881103516,0x0a000146,normal,6.163215329013135e-33,0x7f800000,infinity,0.99999999999999999999999999999999999999999999999999999999999999999999999999999137,False,False
0x42ce8ed6,103.27897644042969,0x0a000186,normal,6.163262348787168e-33,0x7f800000,infinity,0.99999999999999999999999999999999999999999999999999999999999999999999999999999137,False,False
0x42ce8ed7,103.27898406982422,0x0a0001c6,normal,6.1633093685612e-33,0x7f800000,infinity,0.99999999999999999999999999999999999999999999999999999999999999999999999999999137,False,False
0x42ce8ed8,103.27899169921875,0x0a000206,normal,6.163356388335233e-33,0x7f800000,infinity,0.99999999999999999999999999999999999999999999999999999999999999999999999999999137,False,False
0x42cff1ac,103.97201538085938,0x0a7ffbd9,normal,1.2325170675018982e-32,0x7f800000,infinity,0.99999999999999999999999999999999999999999999999999999999999999999999999999999138,False,False
0x42cff1ad,103.9720230102539,0x0a7ffc58,normal,1.2325263979883078e-32,0x7f800000,infinity,0.99999999999999999999999999999999999999999999999999999999999999999999999999999138,False,False
0x42cff1ae,103.97203063964844,0x0a7ffcd8,normal,1.2325358019431144e-32,0x7f800000,infinity,0.99999999999999999999999999999999999999999999999999999999999999999999999999999138,False,False
0x42cff1af,103.97203826904297,0x0a7ffd58,normal,1.232545205897921e-32,0x7f800000,infinity,0.99999999999999999999999999999999999999999999999999999999999999999999999999999138,False,False
0x42cff1b0,103.9720458984375,0x0a7ffdd8,normal,1.2325546098527276e-32,0x7f800000,infinity,0.99999999999999999999999999999999999999999999999999999999999999999999999999999138,False,False
0x42cff1b1,103.97205352783203,0x0a7ffe58,normal,1.2325640138075342e-32,0x7f800000,infinity,0.99999999999999999999999999999999999999999999999999999999999999999999999999999138,False,False
0x42cff1b2,103.97206115722656,0x0a7ffed8,normal,1.2325734177623407e-32,0x7f800000,infinity,0.99999999999999999999999999999999999999999999999999999999999999999999999999999138,False,False
0x42cff1b3,103.9720687866211,0x0a7fff58,normal,1.2325828217171473e-32,0x7f800000,infinity,0.99999999999999999999999999999999999999999999999999999999999999999999999999999138,False,False
0x42cff1b4,103.97207641601562,0x0a7fffd8,normal,1.2325922256719539e-32,0x7f800000,infinity,0.99999999999999999999999999999999999999999999999999999999999999999999999999999138,False,False
0x42cff1b5,103.97208404541016,0x0a80003a,normal,1.2326036867418744e-32,0x7f800000,infinity,0.99999999999999999999999999999999999999999999999999999999999999999999999999999138,False,False
0x42cff1b6,103.97209167480469,0x0a80007a,normal,1.232613090696681e-32,0x7f800000,infinity,0.99999999999999999999999999999999999999999999999999999999999999999999999999999138,False,False
0x42cff1b7,103.97209930419922,0x0a8000ba,normal,1.2326224946514876e-32,0x7f800000,infinity,0.99999999999999999999999999999999999999999999999999999999999999999999999999999138,False,False
0x42cff1b8,103.97210693359375,0x0a8000fa,normal,1.2326318986062941e-32,0x7f800000,infinity,0.99999999999999999999999999999999999999999999999999999999999999999999999999999138,False,False
0x42cff1b9,103.97211456298828,0x0a80013a,normal,1.2326413025611007e-32,0x7f800000,infinity,0.99999999999999999999999999999999999999999999999999999999999999999999999999999138,False,False
0x42cff1ba,103.97212219238281,0x0a80017a,normal,1.2326507065159073e-32,0x7f800000,infinity,0.99999999999999999999999999999999999999999999999999999999999999999999999999999138,False,False
0x42cff1bb,103.97212982177734,0x0a8001ba,normal,1.232660110470714e-32,0x7f800000,infinity,0.99999999999999999999999999999999999999999999999999999999999999999999999999999138,False,False
0x42cff1bc,103.97213745117188,0x0a8001fa,normal,1.2326695144255205e-32,0x7f800000,infinity,0.99999999999999999999999999999999999999999999999999999999999999999999999999999138,False,False
0x42d00000,104.0,0x0a839fde,normal,1.2674976487988586e-32,0x7f800000,infinity,0.99999999999999999999999999999999999999999999999999999999999999999999999999999135,False,False
0x42fe0000,127.0,0x1b155218,normal,1.2351517048294712e-22,0x7f800000,infinity,0.99999999999999999999999999999999999999999999999999999999999999999999999999999133,False,False
0x42fffff8,127.99993896484375,0x1bcaef7a,normal,3.357285484843985e-22,0x7f800000,infinity,0.99999999999999999999999999999999999999999999999999999999999999999999999999999136,False,False
0x42fffff9,127.99994659423828,0x1bcaefdf,normal,3.357310980828442e-22,0x7f800000,infinity,0.99999999999999999999999999999999999999999999999999999999999999999999999999999136,False,False
0x42fffffa,127.99995422363281,0x1bcaf045,normal,3.3573367292483884e-22,0x7f800000,infinity,0.99999999999999999999999999999999999999999999999999999999999999999999999999999136,False,False
0x42fffffb,127.99996185302734,0x1bcaf0aa,normal,3.357362225232845e-22,0x7f800000,infinity,0.99999999999999999999999999999999999999999999999999999999999999999999999999999136,False,False
0x42fffffc,127.99996948242188,0x1bcaf110,normal,3.3573879736527915e-22,0x7f800000,infinity,0.99999999999999999999999999999999999999999999999999999999999999999999999999999136,False,False
0x42fffffd,127.9999771118164,0x1bcaf175,normal,3.3574134696372483e-22,0x7f800000,infinity,0.99999999999999999999999999999999999999999999999999999999999999999999999999999136,False,False
0x42fffffe,127.99998474121094,0x1bcaf1da,normal,3.357438965621705e-22,0x7f800000,infinity,0.99999999999999999999999999999999999999999999999999999999999999999999999999999136,False,False
0x42ffffff,127.99999237060547,0x1bcaf240,normal,3.3574647140416514e-22,0x7f800000,infinity,0.99999999999999999999999999999999999999999999999999999999999999999999999999999136,False,False
0x43000000,128.0,0x3f800000,normal,1.0,0x7f800000,infinity,0.99999999999999999999999999999999999999999999999999999997427790627357585173160462,False,False
0x43000001,128.00001525878906,0x3f800080,normal,1.0000152587890625,0x7f800000,infinity,,False,False
0x43000002,128.00003051757812,0x3f800100,normal,1.000030517578125,0x7f800000,infinity,,False,False
0x43000003,128.0000457763672,0x3f800180,normal,1.0000457763671875,0x7f800000,infinity,,False,False
0x43000004,128.00006103515625,0x3f800200,normal,1.00006103515625,0x7f800000,infinity,,False,False
0x43000005,128.0000762939453,0x3f800280,normal,1.0000762939453125,0x7f800000,infinity,,False,False
0x43000006,128.00009155273438,0x3f800300,normal,1.000091552734375,0x7f800000,infinity,,False,False
0x43000007,128.00010681152344,0x3f800380,normal,1.0001068115234375,0x7f800000,infinity,,False,False
0x43000008,128.0001220703125,0x3f800400,normal,1.0001220703125,0x7f800000,infinity,,False,False
0x43010000,129.0,0x402df854,normal,2.7182817459106445,0x7f800000,infinity,,False,False
0x43800000,256.0,0x3f800000,normal,1.0,0x7f800000,infinity,,False,False
0x7f7fffff,3.4028234663852886e+38,0x3f800000,normal,1.0,0x7f800000,infinity,,False,False
0x80000000,-0.0,0x3f800000,normal,1.0,0x3f800000,normal,0,True,True
0xbf800000,-1.0,0x3ebc5aa5,normal,0.36787906289100647,0x3ebc5ab2,normal,0.0000010282728348377029289657290119126311535036873587639783703002780659981067427316961,True,False
0xc2800000,-64.0,0x114b4ea2,normal,1.6038106982099362e-28,0x114b4ea4,normal,1.1992604790898176439846854857460384893367486955082702834124042322611170673278705E-7,True,False
0xc2820000,-65.0,0x109595c6,normal,5.900089995748943e-29,0x109595c7,normal,9.2515210534675045262305787107896910654959385749192549725822136028206564076403373E-8,True,False
0xc28807ae,-68.01499938964844,0x0e6ac4d8,normal,2.8937503665265863e-30,0x0e6ac4d9,normal,3.4659077984556145726575700450190099759150684187285855862850097995511003923473137E-8,True,False
0xc28807af,-68.01500701904297,0x0e6ac462,normal,2.8937281731932428e-30,0x0e6ac463,normal,7.4695434463887395708161779193263361063334438699636168950329861804690122091799849E-8,True,False
0xc28807b0,-68.0150146484375,0x0e6ac3ed,normal,2.8937061679389954e-30,0x0e6ac3ee,normal,4.9794692660258656106055111509741767734243086039765555591792813918854960275662159E-8,True,False
0xc28807b1,-68.01502227783203,0x0e6ac378,normal,2.893684162684748e-30,0x0e6ac378,normal,2.4951779000670591517076706486713256370736962051645402406327787918917842183538745E-8,True,True
0xc28807b2,-68.01502990722656,0x0e6ac302,normal,2.8936619693514045e-30,0x0e6ac303,normal,6.5163603430117907593809108545133752066825404125659122220773212946002693391409316E-8,True,False
0xc28807b3,-68.0150375366211,0x0e6ac28c,normal,2.893639776018061e-30,0x0e6ac28e,normal,1.0543424954920491098704712727274454002345286176951096573378420225441554983009892E-7,True,False
0xc28807b4,-68.01504516601562,0x0e6ac218,normal,2.8936179588429097e-30,0x0e6ac218,normal,1.5767916567449693911643211968607065279662570618339610754176931108551251754021737E-8,True,True
0xc28807b5,-68.01505279541016,0x0e6ac1a2,normal,2.893595765509566e-30,0x0e6ac1a3,normal,5.6155216958416029128163719616953354473697404853959596166606173710828681068500852E-8,True,False
0xc28807b6,-68.01506042480469,0x0e6ac12c,normal,2.8935735721762226e-30,0x0e6ac12d,normal,9.6601341717117523319373469691037603731230085209556153643634702857249494684885356E-8,True,False
0xc28807b7,-68.01506805419922,0x0e6ac09e,normal,2.893546864944572e-30,0x0e6ac0b8,normal,0.0000016970916167890170232308938356176392206658153158780181896310678404098007288546704,True,False
0xc28807b8,-68.01507568359375,0x0e6ac028,normal,2.8935246716112284e-30,0x0e6ac043,normal,0.0000017376672947578320284211075222390412917956174008497760195378750920306440089819945,True,False
0xc28807b9,-68.01508331298828,0x0e6abfb3,normal,2.893502666356981e-30,0x0e6abfcd,normal,0.0000017133014195076550353854776038732500684886314658634676340071664467865465917760408,True,False
0xc28807ba,-68.01509094238281,0x0e6abf3e,normal,2.8934806611027336e-30,0x0e6abf58,normal,0.0000016889933804661673258159374696583393163916530449985544595694847358090732781227400,True,False
0xc28807bb,-68.01509857177734,0x0e6abec8,normal,2.89345846776939e-30,0x0e6abee3,normal,0.0000017297445507152462707985360762583262301678946714104015004610914678814560063993149,True,False
0xc28807bc,-68.01510620117188,0x0e6abe52,normal,2.8934362744360466e-30,0x0e6abe6d,normal,0.0000017705545507868996824660451184731596867970302828077720071007726827891018271856220,True,False
0xc28807bd,-68.0151138305664,0x0e6abddd,normal,2.8934142691817992e-30,0x0e6abdf8,normal,0.0000017464210175286912497970595876374946515950415267340489588015603078353963733383046,True,False
0xc28807be,-68.01512145996094,0x0e6abd68,normal,2.8933922639275518e-30,0x0e6abd82,normal,0.0000017223453240225287656695187627574191471255269074675715439037693932762964021195732,True,False
0xc2a00000,-80.0,0x05bfecb2,normal,1.8048501806411386e-35,0x05bfecba,normal,6.6886630371799647399111990831229143160542149624737539635666971088412760171308713E-7,True,False
0xc2ae0000,-87.0,0x00b33683,normal,1.645810893235008e-38,0x00b33687,normal,3.2679762427481383586907852929113296618922483420144076955482133260965934663389084E-7,True,False
0xc2aeac48,-87.33648681640625,0x008001e6,normal,1.1755624539276537e-38,0x008001e6,normal,1.1034600853279775197078376497179402532262846264954038857718050654660312449510958E-10,True,True
0xc2aeac49,-87.33649444580078,0x008001a6,normal,1.175553485617482e-38,0x008001a6,normal,3.0254220317824945451197936586680597122370199064373878791003062579748424774349665E-10,True,True
0xc2aeac4a,-87.33650207519531,0x00800166,normal,1.1755445173073103e-38,0x00800166,normal,6.5722861008922822893827886410411080670460627915352229630406327598177430707110832E-10,True,True
0xc2aeac4b,-87.33650970458984,0x00800126,normal,1.1755355489971387e-38,0x00800126,normal,9.5371232408365483034749563133326217658498890646547905371361813318836548874092645E-10,True,True
0xc2aeac4c,-87.33651733398438,0x008000e6,normal,1.175526580686967e-38,0x008000e6,normal,1.1919924570348817007606261745385622241376950453525611457849271376163120474605650E-9,True,True
0xc2aeac4d,-87.3365249633789,0x008000a6,normal,1.1755176123767953e-38,0x008000a6,normal,1.3720681208060973617877285811588020610560935976808078133165996883416907464279059E-9,True,True
0xc2aeac4e,-87.33653259277344,0x00800066,normal,1.1755086440666236e-38,0x00800066,normal,1.4939384272503263112343824594880908180313928573906687921275500605619379089354200E-9,True,True
0xc2aeac4f,-87.33654022216797,0x00800026,normal,1.175499675756452e-38,0x00800026,normal,1.5576024882104289197071628353867175483674916944871639332156746474146598372172092E-9,True,True
0xc2aeac50,-87.3365478515625,0x007fffae,subnormal,1.17548286017488e-38,0x007fffe6,subnormal,0.0000066741778569314066686145520453435304644783279915381683270648128330531860608377821,True,False
0xc2aeac51,-87.33655548095703,0x007fff2e,subnormal,1.1754649235545367e-38,0x007fffa6,subnormal,0.000014303757938255690656692573148845485022679154165105578317213169025490081893489024,False,False
0xc2aeac52,-87.33656311035156,0x007ffeaf,subnormal,1.1754471270640398e-38,0x007fff66,subnormal,0.000021814301167664282594891385687408711764532722004665114917095241296045990089506999,False,False
0xc2aeac53,-87.3365707397461,0x007ffe2f,subnormal,1.1754291904436964e-38,0x007fff26,subnormal,0.000029444229594321611703028029727260733570264296636055940527890944301855308596529866,False,False
0xc2aeac54,-87.33657836914062,0x007ffdae,subnormal,1.1754111136935066e-38,0x007ffee6,subnormal,0.000037193545948992803305703418097654083185527399554011744733497371535810381741405260,False,False
0xc2aeac55,-87.33658599853516,0x007ffd30,subnormal,1.1753934573328561e-38,0x007ffea6,subnormal,0.000044585396135305324966290353174826956792875019767124676160193429669414548760754473,False,False
0xc2aeac56,-87.33659362792969,0x007ffcb0,subnormal,1.1753755207125128e-38,0x007ffe66,subnormal,0.000052215847551331955348402216875422436428084024920558252995605991345968192051764968,False,False
0xc2aeac57,-87.33660125732422,0x007ffc2f,subnormal,1.175357443962323e-38,0x007ffe26,subnormal,0.000059965689630634261801194476972635866198338193364939606035241839384949570532537249,False,False
0xc2aeac58,-87.33660888671875,0x007ffbaf,subnormal,1.1753395073419796e-38,0x007ffde6,subnormal,0.000067596491233236136798170560964787004669778483169153021959426747230899754971334530,False,False
0xc2aeac59,-87.33661651611328,0x007ffb2e,subnormal,1.1753214305917898e-38,0x007ffda6,subnormal,0.000075346685322667943905246775209943128196333698122334761641244031110376600496677701,False,False
0xc2b00000,-88.0,0x0003db87,subnormal,3.5425806087056403e-40,0x0041edc4,subnormal,0.94148945430423044780228012797582193780005684383779219494651277254932227619758105,False,False
0xc2b00f2c,-88.02963256835938,0x000001f2,subnormal,6.978466352337589e-43,0x004000f9,subnormal,0.99988127459568354832110156631386441448210798486886256026384386891861524144150561,False,False
0xc2b00f2d,-88.0296401977539,0x000001b2,subnormal,6.081635335169706e-43,0x004000d9,subnormal,0.99989653168957164630638185605693270655966913934765460962852337311408266811993847,False,False
0xc2b00f2e,-88.02964782714844,0x00000172,subnormal,5.184804318001823e-43,0x004000b9,subnormal,0.99991178901627232049971452574616872396126198942508982047275326255385905463632287,False,False
0xc2b00f2f,-88.02965545654297,0x00000132,subnormal,4.28797330083394e-43,0x00400099,subnormal,0.99992704657578823526611943694719314605251298646372764768212129042928489018593097,False,False
0xc2b00f30,-88.0296630859375,0x000000f2,subnormal,3.3911422836660573e-43,0x00400079,subnormal,0.99994230436812205499772001125372568816498611380476030837610056762916274767813260,False,False
0xc2b00f31,-88.02967071533203,0x000000b2,subnormal,2.4943112664981744e-43,0x00400059,subnormal,0.99995756239327644411374348876902920518156622276248511211107667049152918284342529,False,False
0xc2b00f32,-88.02967834472656,0x00000072,subnormal,1.5974802493302915e-43,0x00400039,subnormal,0.99997282065125406706052118658972027713151235343352907112220881254270550605578113,False,False
0xc2b00f33,-88.0296859741211,0x00000032,subnormal,7.006492321624085e-44,0x00400019,subnormal,0.99998807914205758831148875729194629785925355367287914890334358127631667870794639,False,False
0xc2b00f34,-88.02969360351562,0x7fffffc7,nan,nan,0x003ffff9,subnormal,,False,False
0xc2b00f35,-88.02970123291016,0x7fffff47,nan,nan,0x003fffd9,subnormal,,False,False
0xc2b00f36,-88.02970886230469,0x7ffffec6,nan,nan,0x003fffb9,subnormal,,False,False
0xc2b00f37,-88.02971649169922,0x7ffffe48,nan,nan,0x003fff99,subnormal,,False,False
0xc2b00f38,-88.02972412109375,0x7ffffdc7,nan,nan,0x003fff79,subnormal,,False,False
0xc2b00f39,-88.02973175048828,0x7ffffd47,nan,nan,0x003fff59,subnormal,,False,False
0xc2b00f3a,-88.02973937988281,0x7ffffcc7,nan,nan,0x003fff39,subnormal,,False,False
0xc2b00f3b,-88.02974700927734,0x7ffffc46,nan,nan,0x003fff19,subnormal,,False,False
0xc2b00f3c,-88.02975463867188,0x7ffffbc6,nan,nan,0x003ffef9,subnormal,,False,False
0xc2b17210,-88.7227783203125,0x7f8001fd,nan,nan,0x0020007f,subnormal,,False,False
0xc2b17211,-88.72278594970703,0x7f8001be,nan,nan,0x0020006f,subnormal,,False,False
0xc2b17212,-88.72279357910156,0x7f80017e,nan,nan,0x0020005f,subnormal,,False,False
0xc2b17213,-88.7228012084961,0x7f80013d,nan,nan,0x0020004f,subnormal,,False,False
0xc2b17214,-88.72280883789062,0x7f8000fe,nan,nan,0x0020003f,subnormal,,False,False
0xc2b17215,-88.72281646728516,0x7f8000be,nan,nan,0x0020002f,subnormal,,False,False
0xc2b17216,-88.72282409667969,0x7f80007d,nan,nan,0x0020001f,subnormal,,False,False
0xc2b17217,-88.72283172607422,0x7f80003e,nan,nan,0x0020000f,subnormal,,False,False
0xc2b17218,-88.72283935546875,0x7f7fffde,normal,3.4028167731901194e+38,0x001fffff,subnormal,115791882807505922079035567765699462942720718965063915148350605677625531151218.26,False,False
0xc2b17219,-88.72284698486328,0x7f7fff5e,normal,3.4027908117058267e+38,0x001fffef,subnormal,115791882802345594558984930470822047270360862296427911581779681997381376466734.71,False,False
0xc2b1721a,-88.72285461425781,0x7f7ffedf,normal,3.40276505304563e+38,0x001fffdf,subnormal,115791889692298504753154040727612570413453487918003663199442518374094016151947.30,False,False
0xc2b1721b,-88.72286224365234,0x7f7ffe5f,normal,3.4027390915613374e+38,0x001fffcf,subnormal,115791889673710521922600989081294164229951756608359633157451789864633182026309.90,False,False
0xc2b1721c,-88.72286987304688,0x7f7ffdde,normal,3.4027129272529487e+38,0x001fffbf,subnormal,115791882746423571731165667846708013289444194163418202198435155820996873661392.62,False,False
0xc2b1721d,-88.7228775024414,0x7f7ffd60,normal,3.402687371416848e+38,0x001fffaf,subnormal,115791896518324838320254559793893844552042179233511787374301436823388350443982.12,False,False
0xc2b1721e,-88.72288513183594,0x7f7ffcdf,normal,3.4026612071084594e+38,0x001fff9f,subnormal,115791889577504301406116953679970518385803368035875387320052578084956445865024.73,False,False
0xc2b1721f,-88.72289276123047,0x7f7ffc5f,normal,3.4026352456241667e+38,0x001fff8f,subnormal,115791889531954461060822362013357629635798824405921841470990920794298590848952.57,False,False
0xc2b17220,-88.722900390625,0x7f7ffbdf,normal,3.402609284139874e+38,0x001fff7f,subnormal,115791889479663899210256120824467018533294267394414582365335618626891166305173.30,False,False
0xc2b20000,-89.0,0x7f4207dd,normal,2.5791105967280583e+38,0x001840fc,subnormal,115792079971386856798396036838502192000860472780093306886670035985621761414843.19,False,False
0xc2b40000,-90.0,0x7e8ec284,normal,9.488017913504075e+37,0x0008ec28,subnormal,115792083181870589798157504215548809221041882691823358261615061102843152964407.71,False,False
0xc2c80000,-100.0,0x775460f6,normal,4.3075528728879396e+33,0x0000001b,subnormal,115792067168894110912833865342839111246360002926643931517827205602592984407459.38,False,False
0xc2ce8ec8,-103.27886962890625,0x750001f9,normal,1.6226904494983585e+32,0x00000001,subnormal,115792080478065666081554884231061619322805140342437579556258151334939936700764.61,False,False
0xc2ce8ec9,-103.27887725830078,0x750001b9,normal,1.6226780700979656e+32,0x00000001,subnormal,115792080527875563418090795398758074850345899483066187809348407177507786026551.77,False,False
0xc2ce8eca,-103.27888488769531,0x75000179,normal,1.6226656906975728e+32,0x00000001,subnormal,115792080570946183217068159458083248980347030126845446569996920609940428800516.69,False,False
0xc2ce8ecb,-103.27889251708984,0x75000139,normal,1.62265331129718e+32,0x00000001,subnormal,115792080607277422641980978844986132240152018044002743035027111242942253493141.99,False,False
0xc2ce8ecc,-103.27890014648438,0x750000f9,normal,1.622640931896787e+32,0x00000001,subnormal,115792080636869178855146370031148387396148887503861579583916405858591306748542.22,False,False
0xc2ce8ecd,-103.2789077758789,0x750000b9,normal,1.6226285524963942e+32,0x00000001,subnormal,115792080659721349017704551551979305546252788633821887859514857605821792944839.80,False,False
0xc2ce8ece,-103.27891540527344,0x75000079,normal,1.6226161730960014e+32,0x00000001,subnormal,115792080675833830289618832034496587517690807359105934103204752138641006928132.74,False,False
0xc2ce8ecf,-103.27892303466797,0x75000039,normal,1.6226037936956085e+32,0x00000001,subnormal,115792080685206519829675598225092949524782496107744030944647052732483688378181.41,False,False
0xc2ce8ed0,-103.2789306640625,0x74ffffd6,normal,1.6225887063013797e+32,0x00000001,subnormal,115791887438794613569331439532533334724504619937988288664354653652167836941090.06,False,False
0xc2ce8ed1,-103.27893829345703,0x74ffff56,normal,1.6225763269009869e+32,0x00000001,subnormal,115791887433213032288210032153173535789073891853548222178491792247722326274299.03,False,False
0xc2ce8ed2,-103.27894592285156,0x74fffed6,normal,1.622563947500594e+32,0x00000001,subnormal,115791887420891339495867933695290874287452643494437427861959787290652117486858.88,False,False
0xc2ce8ed3,-103.2789535522461,0x74fffe56,normal,1.6225515681002012e+32,0x00000001,subnormal,115791887401829432346297902860458894655600486574695468475744905692567510449360.91,False,False
0xc2ce8ed4,-103.27896118164062,0x74fffdd6,normal,1.6225391886998083e+32,0x00000001,subnormal,115791887376027207992315715951983289945574677078603387895260876532332772711493.14,False,False
0xc2ce8ed5,-103.27896881103516,0x74fffd56,normal,1.6225268092994155e+32,0x00000001,subnormal,115791887343484563585560154901978435625323181155691951587303830256913386511490.41,False,False
0xc2ce8ed6,-103.27897644042969,0x74fffcd6,normal,1.6225144298990226e+32,0x00000001,subnormal,115791887304201396276492995298329740282954898298001215640666144203334570596473.53,False,False
0xc2ce8ed7,-103.27898406982422,0x74fffc56,normal,1.6225020504986298e+32,0x00000001,subnormal,115791887258177603214398994411541812190105812698701152799962601970340836345388.94,False,False
0xc2ce8ed8,-103.27899169921875,0x74fffbd6,normal,1.6224896710982369e+32,0x00000001,subnormal,115791887205413081547385879221472440679010538760282915654137867181562318467080.18,False,False
0xc2cff1ac,-103.97201538085938,0x74800205,normal,8.11346385317966e+31,0x00000001,subnormal,115792080688519931721117777621221770260621344535663343738739609805167637254982.00,False,False
0xc2cff1ad,-103.9720230102539,0x748001c5,normal,8.113401956177697e+31,0x00000001,subnormal,115792080739593432244723419417677024834449384467022110708241193929339711990509.38,False,False
0xc2cff1ae,-103.97203063964844,0x74800185,normal,8.113340059175732e+31,0x00000001,subnormal,115792080783927674499648411885376521693479912298718157675116764758200827505503.85,False,False
0xc2cff1af,-103.97203826904297,0x74800145,normal,8.113278162173768e+31,0x00000001,subnormal,115792080821522555649607226378184532264757534465642472514075284572545851585086.82,False,False
0xc2cff1b0,-103.9720458984375,0x74800105,normal,8.113216265171804e+31,0x00000001,subnormal,115792080852377972857137450528194678538115677117807078223457045003310575984791.88,False,False
0xc2cff1b1,-103.97205352783203,0x748000c5,normal,8.11315436816984e+31,0x00000001,subnormal,115792080876493823283599776273746273995053615575491942943358403170512220715415.27,False,False
0xc2cff1b2,-103.97206115722656,0x74800085,normal,8.113092471167875e+31,0x00000001,subnormal,115792080893870004089177987887326490038692196684038029888540177517264479254725.58,False,False
0xc2cff1b3,-103.9720687866211,0x74800045,normal,8.11303057416591e+31,0x00000001,subnormal,115792080904506412432878950003358346879503494805218063341613835039521120046629.78,False,False
0xc2cff1b4,-103.97207641601562,0x74800005,normal,8.112968677163947e+31,0x00000001,subnormal,115792080908402945472532595645874527831500337917666129794399176752582551877169.46,False,False
0xc2cff1b5,-103.97208404541016,0x747fff6e,normal,8.112893240192803e+31,0x00000000,zero,115791887655316499121906510941773244835285188156588308620174249511122441161418.67,False,False
0xc2cff1b6,-103.97209167480469,0x747ffeee,normal,8.112831343190838e+31,0x00000000,zero,115791887644258585050794508899299940913435371915182240177585393194299899553648.73,False,False
0xc2cff1b7,-103.97209930419922,0x747ffe6e,normal,8.112769446188874e+31,0x00000000,zero,115791887626460475893332843276907833806682693099269716456288170576060428541091.97,False,False
0xc2cff1b8,-103.97210693359375,0x747ffdee,normal,8.11270754918691e+31,0x00000000,zero,115791887601922068802557779601662897679222493881118845209184445061280439916318.31,False,False
0xc2cff1b9,-103.97211456298828,0x747ffd6e,normal,8.112645652184946e+31,0x00000000,zero,115791887570643260930328591272129873416207958151527449312453109718240530682615.83,False,False
0xc2cff1ba,-103.97212219238281,0x747ffcee,normal,8.112583755182981e+31,0x00000000,zero,115791887532623949427327547585356005933602348982259271786178411932751907111190.09,False,False
0xc2cff1bb,-103.97212982177734,0x747ffc6e,normal,8.112521858181017e+31,0x00000000,zero,115791887487864031443059901763740597542919382556008978701573948099806650057081.83,False,False
0xc2cff1bc,-103.97213745117188,0x747ffbee,normal,8.112459961179053e+31,0x00000000,zero,115791887436363404125853878981790376325462947221725084277097911155753169625060.42,False,False
0xc2d00000,-104.0,0x7478f350,normal,7.889554349995885e+31,0x00000000,zero,115792009322475313259014406483115541646945473751169230418655434880635201782131.66,False,False
0xc2fe0000,-127.0,0x63db7268,normal,8.096161582520587e+21,0x00000000,zero,115791950308915560349247421825270338579199259405365254877460035918036060251021.15,False,False
0xc2fffff8,-127.99993896484375,0x6321784e,normal,2.9785946621999726e+21,0x00000000,zero,115792007463902779188292904588187211134895643706575372674431156411877302779165.77,False,False
0xc2fffff9,-127.99994659423828,0x632177fd,normal,2.978571862726859e+21,0x00000000,zero,115792004560484904375081749888643561681910660222021837245553797749675302111557.82,False,False
0xc2fffffa,-127.99995422363281,0x632177ac,normal,2.9785490632537455e+21,0x00000000,zero,115792001650282693422798440497367689062234646820041776958293207535535128089621.37,False,False
0xc2fffffb,-127.99996185302734,0x6321775c,normal,2.9785265452556086e+21,0x00000000,zero,115792009675804941781220896369502961048528873227842371638686791224124175756065.64,False,False
0xc2fffffc,-127.99996948242188,0x6321770b,normal,2.978503745782495e+21,0x00000000,zero,115792006752117233529191981830379041045890449457713097307986496762650326374392.80,False,False
0xc2fffffd,-127.9999771118164,0x632176ba,normal,2.9784809463093815e+21,0x00000000,zero,115792003821644879715047641737973435177931701935244103452319664611791554145491.99,False,False
0xc2fffffe,-127.99998474121094,0x6321766a,normal,2.9784584283112446e+21,0x00000000,zero,115792011827147132803918428776562798356424663059763067382658887781232408004396.80,False,False
0xc2ffffff,-127.99999237060547,0x63217619,normal,2.978435628838131e+21,0x00000000,zero,115792008883188664744159894227768910344340441972788514981805134889858422979051.39,False,False
0xc3000000,-128.0,0x3f800000,normal,1.0,0x00000000,zero,38877084059945950922226736883574780727281750630829988856.729684183082856273225378,False,False
0xc3000001,-128.00001525878906,0x3f7ffee3,normal,0.999983012676239,0x00000000,zero,,False,False
0xc3000002,-128.00003051757812,0x3f7ffde4,normal,0.9999678134918213,0x00000000,zero,,False,False
0xc3000003,-128.0000457763672,0x3f7ffce3,normal,0.999952495098114,0x00000000,zero,,False,False
0xc3000004,-128.00006103515625,0x3f7ffbe3,normal,0.9999372363090515,0x00000000,zero,,False,False
0xc3000005,-128.0000762939453,0x3f7ffae4,normal,0.9999220371246338,0x00000000,zero,,False,False
0xc3000006,-128.00009155273438,0x3f7ff9e4,normal,0.9999067783355713,0x00000000,zero,,False,False
0xc3000007,-128.00010681152344,0x3f7ff8e4,normal,0.9998915195465088,0x00000000,zero,,False,False
0xc3000008,-128.0001220703125,0x3f7ff7e4,normal,0.9998762607574463,0x00000000,zero,,False,False
0xc3010000,-129.0,0x3ebc5aa5,normal,0.36787906289100647,0x00000000,zero,,False,False
0xc3800000,-256.0,0x3f800000,normal,1.0,0x00000000,zero,,False,False
0xff7fffff,-3.4028234663852886e+38,0x3f800000,normal,1.0,0x00000000,zero,,False,False
